Código Departamento;Departamento;Entidad;Codigo Dane
;;;0
10;Colombia;Colombia;1001000
50;Antioquia;Antioquia;5000000
50;Antioquia;Medellín;5001000
50;Antioquia;Abejorral;5002000
50;Antioquia;Abriaquí;5004000
50;Antioquia;Alejandría;5021000
50;Antioquia;Amagá;5030000
50;Antioquia;Amalfi;5031000
50;Antioquia;Andes;5034000
50;Antioquia;Angelópolis;5036000
50;Antioquia;Angostura;5038000
50;Antioquia;Anorí;5040000
50;Antioquia;Santafé de Antioquia;5042000
50;Antioquia;Anzá;5044000
50;Antioquia;Apartadó;5045000
50;Antioquia;Arboletes;5051000
50;Antioquia;Argelia;5055000
50;Antioquia;Armenia;5059000
50;Antioquia;Barbosa;5079000
50;Antioquia;Belmira;5086000
50;Antioquia;Bello;5088000
50;Antioquia;Betania;5091000
50;Antioquia;Betulia;5093000
50;Antioquia;Ciudad Bolívar;5101000
50;Antioquia;Briceño;5107000
50;Antioquia;Buriticá;5113000
50;Antioquia;Cáceres;5120000
50;Antioquia;Caicedo;5125000
50;Antioquia;Caldas;5129000
50;Antioquia;Campamento;5134000
50;Antioquia;Cañasgordas;5138000
50;Antioquia;Caracolí;5142000
50;Antioquia;Caramanta;5145000
50;Antioquia;Carepa;5147000
50;Antioquia;El Carmen de Viboral;5148000
50;Antioquia;Carolina;5150000
50;Antioquia;Caucasia;5154000
50;Antioquia;Chigorodó;5172000
50;Antioquia;Cisneros;5190000
50;Antioquia;Cocorná;5197000
50;Antioquia;Concepción;5206000
50;Antioquia;Concordia;5209000
50;Antioquia;Copacabana;5212000
50;Antioquia;Dabeiba;5234000
50;Antioquia;Don Matías;5237000
50;Antioquia;Ebéjico;5240000
50;Antioquia;El Bagre;5250000
50;Antioquia;Entrerrios;5264000
50;Antioquia;Envigado;5266000
50;Antioquia;Fredonia;5282000
50;Antioquia;Frontino;5284000
50;Antioquia;Giraldo;5306000
50;Antioquia;Girardota;5308000
50;Antioquia;Gómez Plata;5310000
50;Antioquia;Granada;5313000
50;Antioquia;Guadalupe;5315000
50;Antioquia;Guarne;5318000
50;Antioquia;Guatapé;5321000
50;Antioquia;Heliconia;5347000
50;Antioquia;Hispania;5353000
50;Antioquia;Itagüí;5360000
50;Antioquia;Ituango;5361000
50;Antioquia;Jardín;5364000
50;Antioquia;Jericó;5368000
50;Antioquia;La Ceja;5376000
50;Antioquia;La Estrella;5380000
50;Antioquia;La Pintada;5390000
50;Antioquia;La Unión;5400000
50;Antioquia;Liborina;5411000
50;Antioquia;Maceo;5425000
50;Antioquia;Marinilla;5440000
50;Antioquia;Montebello;5467000
50;Antioquia;Murindó;5475000
50;Antioquia;Mutatá;5480000
50;Antioquia;Nariño;5483000
50;Antioquia;Necoclí;5490000
50;Antioquia;Nechí;5495000
50;Antioquia;Olaya;5501000
50;Antioquia;Peñol;5541000
50;Antioquia;Peque;5543000
50;Antioquia;Pueblorrico;5576000
50;Antioquia;Puerto Berrío;5579000
50;Antioquia;Puerto Nare;5585000
50;Antioquia;Puerto Triunfo;5591000
50;Antioquia;Remedios;5604000
50;Antioquia;Retiro;5607000
50;Antioquia;Rionegro;5615000
50;Antioquia;Sabanalarga;5628000
50;Antioquia;Sabaneta;5631000
50;Antioquia;Salgar;5642000
50;Antioquia;San Andrés de Cuerquía;5647000
50;Antioquia;San Carlos;5649000
50;Antioquia;San Francisco;5652000
50;Antioquia;San Jerónimo;5656000
50;Antioquia;San José de La Montaña;5658000
50;Antioquia;San Juan de Urabá;5659000
50;Antioquia;San Luis;5660000
50;Antioquia;San Pedro de Los Milagros;5664000
50;Antioquia;San Pedro de Urabá;5665000
50;Antioquia;San Rafael;5667000
50;Antioquia;San Roque;5670000
50;Antioquia;San Vicente;5674000
50;Antioquia;Santa Bárbara;5679000
50;Antioquia;Santa Rosa de Osos;5686000
50;Antioquia;Santo Domingo;5690000
50;Antioquia;El Santuario;5697000
50;Antioquia;Segovia;5736000
50;Antioquia;Sonsón;5756000
50;Antioquia;Sopetrán;5761000
50;Antioquia;Támesis;5789000
50;Antioquia;Tarazá;5790000
50;Antioquia;Tarso;5792000
50;Antioquia;Titiribí;5809000
50;Antioquia;Toledo;5819000
50;Antioquia;Turbo;5837000
50;Antioquia;Uramita;5842000
50;Antioquia;Urrao;5847000
50;Antioquia;Valdivia;5854000
50;Antioquia;Valparaíso;5856000
50;Antioquia;Vegachí;5858000
50;Antioquia;Venecia;5861000
50;Antioquia;Vigía del Fuerte;5873000
50;Antioquia;Yalí;5885000
50;Antioquia;Yarumal;5887000
50;Antioquia;Yolombó;5890000
50;Antioquia;Yondó;5893000
50;Antioquia;Zaragoza;5895000
80;Atlántico;Atlántico;8000000
80;Atlántico;Barranquilla;8001000
80;Atlántico;Baranoa;8078000
80;Atlántico;Campo de La Cruz;8137000
80;Atlántico;Candelaria;8141000
80;Atlántico;Galapa;8296000
80;Atlántico;Juan de Acosta;8372000
80;Atlántico;Luruaco;8421000
80;Atlántico;Malambo;8433000
80;Atlántico;Manatí;8436000
80;Atlántico;Palmar de Varela;8520000
80;Atlántico;Piojó;8549000
80;Atlántico;Polonuevo;8558000
80;Atlántico;Ponedera;8560000
80;Atlántico;Puerto Colombia;8573000
80;Atlántico;Repelón;8606000
80;Atlántico;Sabanagrande;8634000
80;Atlántico;Sabanalarga;8638000
80;Atlántico;Santa Lucía;8675000
80;Atlántico;Santo Tomás;8685000
80;Atlántico;Soledad;8758000
80;Atlántico;Suan;8770000
80;Atlántico;Tubará;8832000
80;Atlántico;Usiacurí;8849000
130;Bolívar;Bolívar;13000000
130;Bolívar;Cartagena;13001000
130;Bolívar;Achí;13006000
130;Bolívar;Altos del Rosario;13030000
130;Bolívar;Arenal;13042000
130;Bolívar;Arjona;13052000
130;Bolívar;Arroyohondo;13062000
130;Bolívar;Barranco de Loba;13074000
130;Bolívar;Calamar;13140000
130;Bolívar;Cantagallo;13160000
130;Bolívar;Cicuco;13188000
130;Bolívar;Córdoba;13212000
130;Bolívar;Clemencia;13222000
130;Bolívar;El Carmen de Bolívar;13244000
130;Bolívar;El Guamo;13248000
130;Bolívar;El Peñón;13268000
130;Bolívar;Hatillo de Loba;13300000
130;Bolívar;Magangué;13430000
130;Bolívar;Mahates;13433000
130;Bolívar;Margarita;13440000
130;Bolívar;María La Baja;13442000
130;Bolívar;Montecristo;13458000
130;Bolívar;Mompós;13468000
130;Bolívar;Morales;13473000
130;Bolívar;Norosí;13490000
130;Bolívar;Pinillos;13549000
130;Bolívar;Regidor;13580000
130;Bolívar;Río Viejo;13600000
130;Bolívar;San Cristóbal;13620000
130;Bolívar;San Estanislao;13647000
130;Bolívar;San Fernando;13650000
130;Bolívar;San Jacinto;13654000
130;Bolívar;San Jacinto del Cauca;13655000
130;Bolívar;San Juan Nepomuceno;13657000
130;Bolívar;San Martín de Loba;13667000
130;Bolívar;San Pablo;13670000
130;Bolívar;Santa Catalina;13673000
130;Bolívar;Santa Rosa;13683000
130;Bolívar;Santa Rosa del Sur;13688000
130;Bolívar;Simití;13744000
130;Bolívar;Soplaviento;13760000
130;Bolívar;Talaigua Nuevo;13780000
130;Bolívar;Tiquisio;13810000
130;Bolívar;Turbaco;13836000
130;Bolívar;Turbaná;13838000
130;Bolívar;Villanueva;13873000
130;Bolívar;Zambrano;13894000
110;Bogotá;Bogotá;11001000
150;Boyacá;Boyacá;15000000
150;Boyacá;Tunja;15001000
150;Boyacá;Almeida;15022000
150;Boyacá;Aquitania;15047000
150;Boyacá;Arcabuco;15051000
150;Boyacá;Belén;15087000
150;Boyacá;Berbeo;15090000
150;Boyacá;Betéitiva;15092000
150;Boyacá;Boavita;15097000
150;Boyacá;Boyacá;15104000
150;Boyacá;Briceño;15106000
150;Boyacá;Buenavista;15109000
150;Boyacá;Busbanzá;15114000
150;Boyacá;Caldas;15131000
150;Boyacá;Campohermoso;15135000
150;Boyacá;Cerinza;15162000
150;Boyacá;Chinavita;15172000
150;Boyacá;Chiquinquirá;15176000
150;Boyacá;Chiscas;15180000
150;Boyacá;Chita;15183000
150;Boyacá;Chitaraque;15185000
150;Boyacá;Chivatá;15187000
150;Boyacá;Ciénega;15189000
150;Boyacá;Cómbita;15204000
150;Boyacá;Coper;15212000
150;Boyacá;Corrales;15215000
150;Boyacá;Covarachía;15218000
150;Boyacá;Cubará;15223000
150;Boyacá;Cucaita;15224000
150;Boyacá;Cuítiva;15226000
150;Boyacá;Chíquiza;15232000
150;Boyacá;Chivor;15236000
150;Boyacá;Duitama;15238000
150;Boyacá;El Cocuy;15244000
150;Boyacá;El Espino;15248000
150;Boyacá;Firavitoba;15272000
150;Boyacá;Floresta;15276000
150;Boyacá;Gachantivá;15293000
150;Boyacá;Gámeza;15296000
150;Boyacá;Garagoa;15299000
150;Boyacá;Guacamayas;15317000
150;Boyacá;Guateque;15322000
150;Boyacá;Guayatá;15325000
150;Boyacá;Güicán;15332000
150;Boyacá;Iza;15362000
150;Boyacá;Jenesano;15367000
150;Boyacá;Jericó;15368000
150;Boyacá;Labranzagrande;15377000
150;Boyacá;La Capilla;15380000
150;Boyacá;La Victoria;15401000
150;Boyacá;La Uvita;15403000
150;Boyacá;Villa de Leyva;15407000
150;Boyacá;Macanal;15425000
150;Boyacá;Maripí;15442000
150;Boyacá;Miraflores;15455000
150;Boyacá;Mongua;15464000
150;Boyacá;Monguí;15466000
150;Boyacá;Moniquirá;15469000
150;Boyacá;Motavita;15476000
150;Boyacá;Muzo;15480000
150;Boyacá;Nobsa;15491000
150;Boyacá;Nuevo Colón;15494000
150;Boyacá;Oicatá;15500000
150;Boyacá;Otanche;15507000
150;Boyacá;Pachavita;15511000
150;Boyacá;Páez;15514000
150;Boyacá;Paipa;15516000
150;Boyacá;Pajarito;15518000
150;Boyacá;Panqueba;15522000
150;Boyacá;Pauna;15531000
150;Boyacá;Paya;15533000
150;Boyacá;Paz de Río;15537000
150;Boyacá;Pesca;15542000
150;Boyacá;Pisba;15550000
150;Boyacá;Puerto Boyacá;15572000
150;Boyacá;Quípama;15580000
150;Boyacá;Ramiriquí;15599000
150;Boyacá;Ráquira;15600000
150;Boyacá;Rondón;15621000
150;Boyacá;Saboyá;15632000
150;Boyacá;Sáchica;15638000
150;Boyacá;Samacá;15646000
150;Boyacá;San Eduardo;15660000
150;Boyacá;San José de Pare;15664000
150;Boyacá;San Luis de Gaceno;15667000
150;Boyacá;San Mateo;15673000
150;Boyacá;San Miguel de Sema;15676000
150;Boyacá;San Pablo de Borbur;15681000
150;Boyacá;Santana;15686000
150;Boyacá;Santa María;15690000
150;Boyacá;Santa Rosa de Viterbo;15693000
150;Boyacá;Santa Sofía;15696000
150;Boyacá;Sativanorte;15720000
150;Boyacá;Sativasur;15723000
150;Boyacá;Siachoque;15740000
150;Boyacá;Soatá;15753000
150;Boyacá;Socotá;15755000
150;Boyacá;Socha;15757000
150;Boyacá;Sogamoso;15759000
150;Boyacá;Somondoco;15761000
150;Boyacá;Sora;15762000
150;Boyacá;Sotaquirá;15763000
150;Boyacá;Soracá;15764000
150;Boyacá;Susacón;15774000
150;Boyacá;Sutamarchán;15776000
150;Boyacá;Sutatenza;15778000
150;Boyacá;Tasco;15790000
150;Boyacá;Tenza;15798000
150;Boyacá;Tibaná;15804000
150;Boyacá;Tibasosa;15806000
150;Boyacá;Tinjacá;15808000
150;Boyacá;Tipacoque;15810000
150;Boyacá;Toca;15814000
150;Boyacá;Togüí;15816000
150;Boyacá;Tópaga;15820000
150;Boyacá;Tota;15822000
150;Boyacá;Tununguá;15832000
150;Boyacá;Turmequé;15835000
150;Boyacá;Tuta;15837000
150;Boyacá;Tutazá;15839000
150;Boyacá;Umbita;15842000
150;Boyacá;Ventaquemada;15861000
150;Boyacá;Viracachá;15879000
150;Boyacá;Zetaquira;15897000
170;Caldas;Caldas;17000000
170;Caldas;Manizales;17001000
170;Caldas;Aguadas;17013000
170;Caldas;Anserma;17042000
170;Caldas;Aranzazu;17050000
170;Caldas;Belalcázar;17088000
170;Caldas;Chinchiná;17174000
170;Caldas;Filadelfia;17272000
170;Caldas;La Dorada;17380000
170;Caldas;La Merced;17388000
170;Caldas;Manzanares;17433000
170;Caldas;Marmato;17442000
170;Caldas;Marquetalia;17444000
170;Caldas;Marulanda;17446000
170;Caldas;Neira;17486000
170;Caldas;Norcasia;17495000
170;Caldas;Pácora;17513000
170;Caldas;Palestina;17524000
170;Caldas;Pensilvania;17541000
170;Caldas;Riosucio;17614000
170;Caldas;Risaralda;17616000
170;Caldas;Salamina;17653000
170;Caldas;Samaná;17662000
170;Caldas;San José;17665000
170;Caldas;Supía;17777000
170;Caldas;Victoria;17867000
170;Caldas;Villamaría;17873000
170;Caldas;Viterbo;17877000
180;Caquetá;Caquetá;18000000
180;Caquetá;Florencia;18001000
180;Caquetá;Albania;18029000
180;Caquetá;Belén de Los Andaquíes;18094000
180;Caquetá;Cartagena del Chairá;18150000
180;Caquetá;Curillo;18205000
180;Caquetá;El Doncello;18247000
180;Caquetá;El Paujil;18256000
180;Caquetá;La Montañita;18410000
180;Caquetá;Milán;18460000
180;Caquetá;Morelia;18479000
180;Caquetá;Puerto Rico;18592000
180;Caquetá;San José del Fragua;18610000
180;Caquetá;San Vicente del Caguán;18753000
180;Caquetá;Solano;18756000
180;Caquetá;Solita;18785000
180;Caquetá;Valparaíso;18860000
190;Cauca;Cauca;19000000
190;Cauca;Popayán;19001000
190;Cauca;Almaguer;19022000
190;Cauca;Argelia;19050000
190;Cauca;Balboa;19075000
190;Cauca;Bolívar;19100000
190;Cauca;Buenos Aires;19110000
190;Cauca;Cajibío;19130000
190;Cauca;Caldono;19137000
190;Cauca;Caloto;19142000
190;Cauca;Corinto;19212000
190;Cauca;El Tambo;19256000
190;Cauca;Florencia;19290000
190;Cauca;Guachené;19300000
190;Cauca;Guapi;19318000
190;Cauca;Inzá;19355000
190;Cauca;Jambaló;19364000
190;Cauca;La Sierra;19392000
190;Cauca;La Vega;19397000
190;Cauca;López;19418000
190;Cauca;Mercaderes;19450000
190;Cauca;Miranda;19455000
190;Cauca;Morales;19473000
190;Cauca;Padilla;19513000
190;Cauca;Paéz;19517000
190;Cauca;Patía;19532000
190;Cauca;Piamonte;19533000
190;Cauca;Piendamó;19548000
190;Cauca;Puerto Tejada;19573000
190;Cauca;Puracé;19585000
190;Cauca;Rosas;19622000
190;Cauca;San Sebastián;19693000
190;Cauca;Santander de Quilichao;19698000
190;Cauca;Santa Rosa;19701000
190;Cauca;Silvia;19743000
190;Cauca;Sotará;19760000
190;Cauca;Suárez;19780000
190;Cauca;Sucre;19785000
190;Cauca;Timbío;19807000
190;Cauca;Timbiquí;19809000
190;Cauca;Toribío;19821000
190;Cauca;Totoró;19824000
190;Cauca;Villa Rica;19845000
200;Cesar;Cesar;20000000
200;Cesar;Valledupar;20001000
200;Cesar;Aguachica;20011000
200;Cesar;Agustín Codazzi;20013000
200;Cesar;Astrea;20032000
200;Cesar;Becerril;20045000
200;Cesar;Bosconia;20060000
200;Cesar;Chimichagua;20175000
200;Cesar;Chiriguaná;20178000
200;Cesar;Curumaní;20228000
200;Cesar;El Copey;20238000
200;Cesar;El Paso;20250000
200;Cesar;Gamarra;20295000
200;Cesar;González;20310000
200;Cesar;La Gloria;20383000
200;Cesar;La Jagua de Ibirico;20400000
200;Cesar;Manaure;20443000
200;Cesar;Pailitas;20517000
200;Cesar;Pelaya;20550000
200;Cesar;Pueblo Bello;20570000
200;Cesar;Río de Oro;20614000
200;Cesar;La Paz;20621000
200;Cesar;San Alberto;20710000
200;Cesar;San Diego;20750000
200;Cesar;San Martín;20770000
200;Cesar;Tamalameque;20787000
230;Córdoba;Córdoba;23000000
230;Córdoba;Montería;23001000
230;Córdoba;Ayapel;23068000
230;Córdoba;Buenavista;23079000
230;Córdoba;Canalete;23090000
230;Córdoba;Cereté;23162000
230;Córdoba;Chimá;23168000
230;Córdoba;Chinú;23182000
230;Córdoba;Ciénaga de Oro;23189000
230;Córdoba;Cotorra;23300000
230;Córdoba;La Apartada;23350000
230;Córdoba;Lorica;23417000
230;Córdoba;Los Córdobas;23419000
230;Córdoba;Momil;23464000
230;Córdoba;Montelíbano;23466000
230;Córdoba;Moñitos;23500000
230;Córdoba;Planeta Rica;23555000
230;Córdoba;Pueblo Nuevo;23570000
230;Córdoba;Puerto Escondido;23574000
230;Córdoba;Puerto Libertador;23580000
230;Córdoba;Purísima;23586000
230;Córdoba;Sahagún;23660000
230;Córdoba;San Andrés Sotavento;23670000
230;Córdoba;San Antero;23672000
230;Córdoba;San Bernardo del Viento;23675000
230;Córdoba;San Carlos;23678000
230;Córdoba;San José de Ure;23682000
230;Córdoba;San Pelayo;23686000
230;Córdoba;Tierralta;23807000
230;Córdoba;Tuchín;23815000
230;Córdoba;Valencia;23855000
250;Cundinamarca;Cundinamarca;25000000
250;Cundinamarca;Agua de Dios;25001000
250;Cundinamarca;Albán;25019000
250;Cundinamarca;Anapoima;25035000
250;Cundinamarca;Anolaima;25040000
250;Cundinamarca;Arbeláez;25053000
250;Cundinamarca;Beltrán;25086000
250;Cundinamarca;Bituima;25095000
250;Cundinamarca;Bojacá;25099000
250;Cundinamarca;Cabrera;25120000
250;Cundinamarca;Cachipay;25123000
250;Cundinamarca;Cajicá;25126000
250;Cundinamarca;Caparrapí;25148000
250;Cundinamarca;Cáqueza;25151000
250;Cundinamarca;Carmen de Carupa;25154000
250;Cundinamarca;Chaguaní;25168000
250;Cundinamarca;Chía;25175000
250;Cundinamarca;Chipaque;25178000
250;Cundinamarca;Choachí;25181000
250;Cundinamarca;Chocontá;25183000
250;Cundinamarca;Cogua;25200000
250;Cundinamarca;Cota;25214000
250;Cundinamarca;Cucunubá;25224000
250;Cundinamarca;El Colegio;25245000
250;Cundinamarca;El Peñón;25258000
250;Cundinamarca;El Rosal;25260000
250;Cundinamarca;Facatativá;25269000
250;Cundinamarca;Fómeque;25279000
250;Cundinamarca;Fosca;25281000
250;Cundinamarca;Funza;25286000
250;Cundinamarca;Fúquene;25288000
250;Cundinamarca;Fusagasugá;25290000
250;Cundinamarca;Gachalá;25293000
250;Cundinamarca;Gachancipá;25295000
250;Cundinamarca;Gachetá;25297000
250;Cundinamarca;Gama;25299000
250;Cundinamarca;Girardot;25307000
250;Cundinamarca;Granada;25312000
250;Cundinamarca;Guachetá;25317000
250;Cundinamarca;Guaduas;25320000
250;Cundinamarca;Guasca;25322000
250;Cundinamarca;Guataquí;25324000
250;Cundinamarca;Guatavita;25326000
250;Cundinamarca;Guayabal de Síquima;25328000
250;Cundinamarca;Guayabetal;25335000
250;Cundinamarca;Gutiérrez;25339000
250;Cundinamarca;Jerusalén;25368000
250;Cundinamarca;Junín;25372000
250;Cundinamarca;La Calera;25377000
250;Cundinamarca;La Mesa;25386000
250;Cundinamarca;La Palma;25394000
250;Cundinamarca;La Peña;25398000
250;Cundinamarca;La Vega;25402000
250;Cundinamarca;Lenguazaque;25407000
250;Cundinamarca;Machetá;25426000
250;Cundinamarca;Madrid;25430000
250;Cundinamarca;Manta;25436000
250;Cundinamarca;Medina;25438000
250;Cundinamarca;Mosquera;25473000
250;Cundinamarca;Nariño;25483000
250;Cundinamarca;Nemocón;25486000
250;Cundinamarca;Nilo;25488000
250;Cundinamarca;Nimaima;25489000
250;Cundinamarca;Nocaima;25491000
250;Cundinamarca;Venecia;25506000
250;Cundinamarca;Pacho;25513000
250;Cundinamarca;Paime;25518000
250;Cundinamarca;Pandi;25524000
250;Cundinamarca;Paratebueno;25530000
250;Cundinamarca;Pasca;25535000
250;Cundinamarca;Puerto Salgar;25572000
250;Cundinamarca;Pulí;25580000
250;Cundinamarca;Quebradanegra;25592000
250;Cundinamarca;Quetame;25594000
250;Cundinamarca;Quipile;25596000
250;Cundinamarca;Apulo;25599000
250;Cundinamarca;Ricaurte;25612000
250;Cundinamarca;San Antonio del Tequendama;25645000
250;Cundinamarca;San Bernardo;25649000
250;Cundinamarca;San Cayetano;25653000
250;Cundinamarca;San Francisco;25658000
250;Cundinamarca;San Juan de Río Seco;25662000
250;Cundinamarca;Sasaima;25718000
250;Cundinamarca;Sesquilé;25736000
250;Cundinamarca;Sibaté;25740000
250;Cundinamarca;Silvania;25743000
250;Cundinamarca;Simijaca;25745000
250;Cundinamarca;Soacha;25754000
250;Cundinamarca;Sopó;25758000
250;Cundinamarca;Subachoque;25769000
250;Cundinamarca;Suesca;25772000
250;Cundinamarca;Supatá;25777000
250;Cundinamarca;Susa;25779000
250;Cundinamarca;Sutatausa;25781000
250;Cundinamarca;Tabio;25785000
250;Cundinamarca;Tausa;25793000
250;Cundinamarca;Tena;25797000
250;Cundinamarca;Tenjo;25799000
250;Cundinamarca;Tibacuy;25805000
250;Cundinamarca;Tibirita;25807000
250;Cundinamarca;Tocaima;25815000
250;Cundinamarca;Tocancipá;25817000
250;Cundinamarca;Topaipí;25823000
250;Cundinamarca;Ubalá;25839000
250;Cundinamarca;Ubaque;25841000
250;Cundinamarca;Villa de San Diego de Ubate;25843000
250;Cundinamarca;Une;25845000
250;Cundinamarca;Útica;25851000
250;Cundinamarca;Vergara;25862000
250;Cundinamarca;Vianí;25867000
250;Cundinamarca;Villagómez;25871000
250;Cundinamarca;Villapinzón;25873000
250;Cundinamarca;Villeta;25875000
250;Cundinamarca;Viotá;25878000
250;Cundinamarca;Yacopí;25885000
250;Cundinamarca;Zipacón;25898000
250;Cundinamarca;Zipaquirá;25899000
270;Chocó;Chocó;27000000
270;Chocó;Quibdó;27001000
270;Chocó;Acandí;27006000
270;Chocó;Alto Baudó;27025000
270;Chocó;Atrato;27050000
270;Chocó;Bagadó;27073000
270;Chocó;Bahía Solano;27075000
270;Chocó;Bajo Baudó;27077000
270;Chocó;Bojayá;27099000
270;Chocó;El Cantón del San Pablo;27135000
270;Chocó;Carmen del Darién;27150000
270;Chocó;Cértegui;27160000
270;Chocó;Condoto;27205000
270;Chocó;El Carmen de Atrato;27245000
270;Chocó;El Litoral del San Juan;27250000
270;Chocó;Istmina;27361000
270;Chocó;Juradó;27372000
270;Chocó;Lloró;27413000
270;Chocó;Medio Atrato;27425000
270;Chocó;Medio Baudó;27430000
270;Chocó;Medio San Juan;27450000
270;Chocó;Nóvita;27491000
270;Chocó;Nuquí;27495000
270;Chocó;Río Iró;27580000
270;Chocó;Río Quito;27600000
270;Chocó;Riosucio;27615000
270;Chocó;San José del Palmar;27660000
270;Chocó;Sipí;27745000
270;Chocó;Tadó;27787000
270;Chocó;Unguía;27800000
270;Chocó;Unión Panamericana;27810000
410;Huila;Huila;41000000
410;Huila;Neiva;41001000
410;Huila;Acevedo;41006000
410;Huila;Agrado;41013000
410;Huila;Aipe;41016000
410;Huila;Algeciras;41020000
410;Huila;Altamira;41026000
410;Huila;Baraya;41078000
410;Huila;Campoalegre;41132000
410;Huila;Colombia;41206000
410;Huila;Elías;41244000
410;Huila;Garzón;41298000
410;Huila;Gigante;41306000
410;Huila;Guadalupe;41319000
410;Huila;Hobo;41349000
410;Huila;Iquira;41357000
410;Huila;Isnos;41359000
410;Huila;La Argentina;41378000
410;Huila;La Plata;41396000
410;Huila;Nátaga;41483000
410;Huila;Oporapa;41503000
410;Huila;Paicol;41518000
410;Huila;Palermo;41524000
410;Huila;Palestina;41530000
410;Huila;Pital;41548000
410;Huila;Pitalito;41551000
410;Huila;Rivera;41615000
410;Huila;Saladoblanco;41660000
410;Huila;San Agustín;41668000
410;Huila;Santa María;41676000
410;Huila;Suaza;41770000
410;Huila;Tarqui;41791000
410;Huila;Tesalia;41797000
410;Huila;Tello;41799000
410;Huila;Teruel;41801000
410;Huila;Timaná;41807000
410;Huila;Villavieja;41872000
410;Huila;Yaguará;41885000
440;La Guajira;La Guajira;44000000
440;La Guajira;Riohacha;44001000
440;La Guajira;Albania;44035000
440;La Guajira;Barrancas;44078000
440;La Guajira;Dibulla;44090000
440;La Guajira;Distracción;44098000
440;La Guajira;El Molino;44110000
440;La Guajira;Fonseca;44279000
440;La Guajira;Hatonuevo;44378000
440;La Guajira;La Jagua del Pilar;44420000
440;La Guajira;Maicao;44430000
440;La Guajira;Manaure;44560000
440;La Guajira;San Juan del Cesar;44650000
440;La Guajira;Uribia;44847000
440;La Guajira;Urumita;44855000
440;La Guajira;Villanueva;44874000
470;Magdalena;Magdalena;47000000
470;Magdalena;Santa Marta;47001000
470;Magdalena;Algarrobo;47030000
470;Magdalena;Aracataca;47053000
470;Magdalena;Ariguaní;47058000
470;Magdalena;Cerro San Antonio;47161000
470;Magdalena;Chibolo;47170000
470;Magdalena;Ciénaga;47189000
470;Magdalena;Concordia;47205000
470;Magdalena;El Banco;47245000
470;Magdalena;El Piñón;47258000
470;Magdalena;El Retén;47268000
470;Magdalena;Fundación;47288000
470;Magdalena;Guamal;47318000
470;Magdalena;Nueva Granada;47460000
470;Magdalena;Pedraza;47541000
470;Magdalena;Pijiño del Carmen;47545000
470;Magdalena;Pivijay;47551000
470;Magdalena;Plato;47555000
470;Magdalena;Puebloviejo;47570000
470;Magdalena;Remolino;47605000
470;Magdalena;Sabanas de San Ángel;47660000
470;Magdalena;Salamina;47675000
470;Magdalena;San Sebastián de Buenavista;47692000
470;Magdalena;San Zenón;47703000
470;Magdalena;Santa Ana;47707000
470;Magdalena;Santa Bárbara de Pinto;47720000
470;Magdalena;Sitionuevo;47745000
470;Magdalena;Tenerife;47798000
470;Magdalena;Zapayán;47960000
470;Magdalena;Zona Bananera;47980000
500;Meta;Meta;50000000
500;Meta;Villavicencio;50001000
500;Meta;Acacías;50006000
500;Meta;Barranca de Upía;50110000
500;Meta;Cabuyaro;50124000
500;Meta;Castilla La Nueva;50150000
500;Meta;Cubarral;50223000
500;Meta;Cumaral;50226000
500;Meta;El Calvario;50245000
500;Meta;El Castillo;50251000
500;Meta;El Dorado;50270000
500;Meta;Fuente de Oro;50287000
500;Meta;Granada;50313000
500;Meta;Guamal;50318000
500;Meta;Mapiripán;50325000
500;Meta;Mesetas;50330000
500;Meta;La Macarena;50350000
500;Meta;Uribe;50370000
500;Meta;Lejanías;50400000
500;Meta;Puerto Concordia;50450000
500;Meta;Puerto Gaitán;50568000
500;Meta;Puerto López;50573000
500;Meta;Puerto Lleras;50577000
500;Meta;Puerto Rico;50590000
500;Meta;Restrepo;50606000
500;Meta;San Carlos de Guaroa;50680000
500;Meta;San Juan de Arama;50683000
500;Meta;San Juanito;50686000
500;Meta;San Martín;50689000
500;Meta;Vistahermosa;50711000
520;Nariño;Nariño;52000000
520;Nariño;Pasto;52001000
520;Nariño;Albán;52019000
520;Nariño;Aldana;52022000
520;Nariño;Ancuyá;52036000
520;Nariño;Arboleda;52051000
520;Nariño;Barbacoas;52079000
520;Nariño;Belén;52083000
520;Nariño;Buesaco;52110000
520;Nariño;Colón;52203000
520;Nariño;Consacá;52207000
520;Nariño;Contadero;52210000
520;Nariño;Córdoba;52215000
520;Nariño;Cuaspud;52224000
520;Nariño;Cumbal;52227000
520;Nariño;Cumbitara;52233000
520;Nariño;Chachagüí;52240000
520;Nariño;El Charco;52250000
520;Nariño;El Peñol;52254000
520;Nariño;El Rosario;52256000
520;Nariño;El Tablón de Gómez;52258000
520;Nariño;El Tambo;52260000
520;Nariño;Funes;52287000
520;Nariño;Guachucal;52317000
520;Nariño;Guaitarilla;52320000
520;Nariño;Gualmatán;52323000
520;Nariño;Iles;52352000
520;Nariño;Imués;52354000
520;Nariño;Ipiales;52356000
520;Nariño;La Cruz;52378000
520;Nariño;La Florida;52381000
520;Nariño;La Llanada;52385000
520;Nariño;La Tola;52390000
520;Nariño;La Unión;52399000
520;Nariño;Leiva;52405000
520;Nariño;Linares;52411000
520;Nariño;Los Andes;52418000
520;Nariño;Magüi;52427000
520;Nariño;Mallama;52435000
520;Nariño;Mosquera;52473000
520;Nariño;Nariño;52480000
520;Nariño;Olaya Herrera;52490000
520;Nariño;Ospina;52506000
520;Nariño;Francisco Pizarro;52520000
520;Nariño;Policarpa;52540000
520;Nariño;Potosí;52560000
520;Nariño;Providencia;52565000
520;Nariño;Puerres;52573000
520;Nariño;Pupiales;52585000
520;Nariño;Ricaurte;52612000
520;Nariño;Roberto Payán;52621000
520;Nariño;Samaniego;52678000
520;Nariño;Sandoná;52683000
520;Nariño;San Bernardo;52685000
520;Nariño;San Lorenzo;52687000
520;Nariño;San Pablo;52693000
520;Nariño;San Pedro de Cartago;52694000
520;Nariño;Santa Bárbara;52696000
520;Nariño;Santacruz;52699000
520;Nariño;Sapuyes;52720000
520;Nariño;Taminango;52786000
520;Nariño;Tangua;52788000
520;Nariño;San Andrés de Tumaco;52835000
520;Nariño;Túquerres;52838000
520;Nariño;Yacuanquer;52885000
540;Norte de Santander;Norte de Santander;54000000
540;Norte de Santander;Cúcuta;54001000
540;Norte de Santander;Ábrego;54003000
540;Norte de Santander;Arboledas;54051000
540;Norte de Santander;Bochalema;54099000
540;Norte de Santander;Bucarasica;54109000
540;Norte de Santander;Cácota;54125000
540;Norte de Santander;Cachirá;54128000
540;Norte de Santander;Chinácota;54172000
540;Norte de Santander;Chitagá;54174000
540;Norte de Santander;Convención;54206000
540;Norte de Santander;Cucutilla;54223000
540;Norte de Santander;Durania;54239000
540;Norte de Santander;El Carmen;54245000
540;Norte de Santander;El Tarra;54250000
540;Norte de Santander;El Zulia;54261000
540;Norte de Santander;Gramalote;54313000
540;Norte de Santander;Hacarí;54344000
540;Norte de Santander;Herrán;54347000
540;Norte de Santander;Labateca;54377000
540;Norte de Santander;La Esperanza;54385000
540;Norte de Santander;La Playa;54398000
540;Norte de Santander;Los Patios;54405000
540;Norte de Santander;Lourdes;54418000
540;Norte de Santander;Mutiscua;54480000
540;Norte de Santander;Ocaña;54498000
540;Norte de Santander;Pamplona;54518000
540;Norte de Santander;Pamplonita;54520000
540;Norte de Santander;Puerto Santander;54553000
540;Norte de Santander;Ragonvalia;54599000
540;Norte de Santander;Salazar;54660000
540;Norte de Santander;San Calixto;54670000
540;Norte de Santander;San Cayetano;54673000
540;Norte de Santander;Santiago;54680000
540;Norte de Santander;Sardinata;54720000
540;Norte de Santander;Silos;54743000
540;Norte de Santander;Teorama;54800000
540;Norte de Santander;Tibú;54810000
540;Norte de Santander;Toledo;54820000
540;Norte de Santander;Villa Caro;54871000
540;Norte de Santander;Villa del Rosario;54874000
630;Quindío;Quindío;63000000
630;Quindío;Armenia;63001000
630;Quindío;Buenavista;63111000
630;Quindío;Calarcá;63130000
630;Quindío;Circasia;63190000
630;Quindío;Córdoba;63212000
630;Quindío;Filandia;63272000
630;Quindío;Génova;63302000
630;Quindío;La Tebaida;63401000
630;Quindío;Montenegro;63470000
630;Quindío;Pijao;63548000
630;Quindío;Quimbaya;63594000
630;Quindío;Salento;63690000
660;Risaralda;Risaralda;66000000
660;Risaralda;Pereira;66001000
660;Risaralda;Apía;66045000
660;Risaralda;Balboa;66075000
660;Risaralda;Belén de Umbría;66088000
660;Risaralda;Dosquebradas;66170000
660;Risaralda;Guática;66318000
660;Risaralda;La Celia;66383000
660;Risaralda;La Virginia;66400000
660;Risaralda;Marsella;66440000
660;Risaralda;Mistrató;66456000
660;Risaralda;Pueblo Rico;66572000
660;Risaralda;Quinchía;66594000
660;Risaralda;Santa Rosa de Cabal;66682000
660;Risaralda;Santuario;66687000
680;Santander;Santander;68000000
680;Santander;Bucaramanga;68001000
680;Santander;Aguada;68013000
680;Santander;Albania;68020000
680;Santander;Aratoca;68051000
680;Santander;Barbosa;68077000
680;Santander;Barichara;68079000
680;Santander;Barrancabermeja;68081000
680;Santander;Betulia;68092000
680;Santander;Bolívar;68101000
680;Santander;Cabrera;68121000
680;Santander;California;68132000
680;Santander;Capitanejo;68147000
680;Santander;Carcasí;68152000
680;Santander;Cepitá;68160000
680;Santander;Cerrito;68162000
680;Santander;Charalá;68167000
680;Santander;Charta;68169000
680;Santander;Chima;68176000
680;Santander;Chipatá;68179000
680;Santander;Cimitarra;68190000
680;Santander;Concepción;68207000
680;Santander;Confines;68209000
680;Santander;Contratación;68211000
680;Santander;Coromoro;68217000
680;Santander;Curití;68229000
680;Santander;El Carmen de Chucurí;68235000
680;Santander;El Guacamayo;68245000
680;Santander;El Peñón;68250000
680;Santander;El Playón;68255000
680;Santander;Encino;68264000
680;Santander;Enciso;68266000
680;Santander;Florián;68271000
680;Santander;Floridablanca;68276000
680;Santander;Galán;68296000
680;Santander;Gámbita;68298000
680;Santander;Girón;68307000
680;Santander;Guaca;68318000
680;Santander;Guadalupe;68320000
680;Santander;Guapotá;68322000
680;Santander;Guavatá;68324000
680;Santander;Güepsa;68327000
680;Santander;Hato;68344000
680;Santander;Jesús María;68368000
680;Santander;Jordán;68370000
680;Santander;La Belleza;68377000
680;Santander;Landázuri;68385000
680;Santander;La Paz;68397000
680;Santander;Lebrija;68406000
680;Santander;Los Santos;68418000
680;Santander;Macaravita;68425000
680;Santander;Málaga;68432000
680;Santander;Matanza;68444000
680;Santander;Mogotes;68464000
680;Santander;Molagavita;68468000
680;Santander;Ocamonte;68498000
680;Santander;Oiba;68500000
680;Santander;Onzaga;68502000
680;Santander;Palmar;68522000
680;Santander;Palmas del Socorro;68524000
680;Santander;Páramo;68533000
680;Santander;Piedecuesta;68547000
680;Santander;Pinchote;68549000
680;Santander;Puente Nacional;68572000
680;Santander;Puerto Parra;68573000
680;Santander;Puerto Wilches;68575000
680;Santander;Rionegro;68615000
680;Santander;Sabana de Torres;68655000
680;Santander;San Andrés;68669000
680;Santander;San Benito;68673000
680;Santander;San Gil;68679000
680;Santander;San Joaquín;68682000
680;Santander;San José de Miranda;68684000
680;Santander;San Miguel;68686000
680;Santander;San Vicente de Chucurí;68689000
680;Santander;Santa Bárbara;68705000
680;Santander;Santa Helena del Opón;68720000
680;Santander;Simacota;68745000
680;Santander;Socorro;68755000
680;Santander;Suaita;68770000
680;Santander;Sucre;68773000
680;Santander;Suratá;68780000
680;Santander;Tona;68820000
680;Santander;Valle de San José;68855000
680;Santander;Vélez;68861000
680;Santander;Vetas;68867000
680;Santander;Villanueva;68872000
680;Santander;Zapatoca;68895000
700;Sucre;Sucre;70000000
700;Sucre;Sincelejo;70001000
700;Sucre;Buenavista;70110000
700;Sucre;Caimito;70124000
700;Sucre;Colosó;70204000
700;Sucre;Corozal;70215000
700;Sucre;Coveñas;70221000
700;Sucre;Chalán;70230000
700;Sucre;El Roble;70233000
700;Sucre;Galeras;70235000
700;Sucre;Guaranda;70265000
700;Sucre;La Unión;70400000
700;Sucre;Los Palmitos;70418000
700;Sucre;Majagual;70429000
700;Sucre;Morroa;70473000
700;Sucre;Ovejas;70508000
700;Sucre;Palmito;70523000
700;Sucre;Sampués;70670000
700;Sucre;San Benito Abad;70678000
700;Sucre;San Juan de Betulia;70702000
700;Sucre;San Marcos;70708000
700;Sucre;San Onofre;70713000
700;Sucre;San Pedro;70717000
700;Sucre;San Luis de Sincé;70742000
700;Sucre;Sucre;70771000
700;Sucre;Santiago de Tolú;70820000
700;Sucre;Tolú Viejo;70823000
730;Tolima;Tolima;73000000
730;Tolima;Ibagué;73001000
730;Tolima;Alpujarra;73024000
730;Tolima;Alvarado;73026000
730;Tolima;Ambalema;73030000
730;Tolima;Anzoátegui;73043000
730;Tolima;Armero;73055000
730;Tolima;Ataco;73067000
730;Tolima;Cajamarca;73124000
730;Tolima;Carmen de Apicalá;73148000
730;Tolima;Casabianca;73152000
730;Tolima;Chaparral;73168000
730;Tolima;Coello;73200000
730;Tolima;Coyaima;73217000
730;Tolima;Cunday;73226000
730;Tolima;Dolores;73236000
730;Tolima;Espinal;73268000
730;Tolima;Falan;73270000
730;Tolima;Flandes;73275000
730;Tolima;Fresno;73283000
730;Tolima;Guamo;73319000
730;Tolima;Herveo;73347000
730;Tolima;Honda;73349000
730;Tolima;Icononzo;73352000
730;Tolima;Lérida;73408000
730;Tolima;Líbano;73411000
730;Tolima;San Sebastián de Mariquita;73443000
730;Tolima;Melgar;73449000
730;Tolima;Murillo;73461000
730;Tolima;Natagaima;73483000
730;Tolima;Ortega;73504000
730;Tolima;Palocabildo;73520000
730;Tolima;Piedras;73547000
730;Tolima;Planadas;73555000
730;Tolima;Prado;73563000
730;Tolima;Purificación;73585000
730;Tolima;Rioblanco;73616000
730;Tolima;Roncesvalles;73622000
730;Tolima;Rovira;73624000
730;Tolima;Saldaña;73671000
730;Tolima;San Antonio;73675000
730;Tolima;San Luis;73678000
730;Tolima;Santa Isabel;73686000
730;Tolima;Suárez;73770000
730;Tolima;Valle de San Juan;73854000
730;Tolima;Venadillo;73861000
730;Tolima;Villahermosa;73870000
730;Tolima;Villarrica;73873000
760;Valle del Cauca;Valle del Cauca;76000000
760;Valle del Cauca;Cali;76001000
760;Valle del Cauca;Alcalá;76020000
760;Valle del Cauca;Andalucía;76036000
760;Valle del Cauca;Ansermanuevo;76041000
760;Valle del Cauca;Argelia;76054000
760;Valle del Cauca;Bolívar;76100000
760;Valle del Cauca;Buenaventura;76109000
760;Valle del Cauca;Guadalajara de Buga;76111000
760;Valle del Cauca;Bugalagrande;76113000
760;Valle del Cauca;Caicedonia;76122000
760;Valle del Cauca;Calima;76126000
760;Valle del Cauca;Candelaria;76130000
760;Valle del Cauca;Cartago;76147000
760;Valle del Cauca;Dagua;76233000
760;Valle del Cauca;El Águila;76243000
760;Valle del Cauca;El Cairo;76246000
760;Valle del Cauca;El Cerrito;76248000
760;Valle del Cauca;El Dovio;76250000
760;Valle del Cauca;Florida;76275000
760;Valle del Cauca;Ginebra;76306000
760;Valle del Cauca;Guacarí;76318000
760;Valle del Cauca;Jamundí;76364000
760;Valle del Cauca;La Cumbre;76377000
760;Valle del Cauca;La Unión;76400000
760;Valle del Cauca;La Victoria;76403000
760;Valle del Cauca;Obando;76497000
760;Valle del Cauca;Palmira;76520000
760;Valle del Cauca;Pradera;76563000
760;Valle del Cauca;Restrepo;76606000
760;Valle del Cauca;Riofrío;76616000
760;Valle del Cauca;Roldanillo;76622000
760;Valle del Cauca;San Pedro;76670000
760;Valle del Cauca;Sevilla;76736000
760;Valle del Cauca;Toro;76823000
760;Valle del Cauca;Trujillo;76828000
760;Valle del Cauca;Tuluá;76834000
760;Valle del Cauca;Ulloa;76845000
760;Valle del Cauca;Versalles;76863000
760;Valle del Cauca;Vijes;76869000
760;Valle del Cauca;Yotoco;76890000
760;Valle del Cauca;Yumbo;76892000
760;Valle del Cauca;Zarzal;76895000
810;Arauca;Arauca;81000000
810;Arauca;Arauca;81001000
810;Arauca;Arauquita;81065000
810;Arauca;Cravo Norte;81220000
810;Arauca;Fortul;81300000
810;Arauca;Puerto Rondón;81591000
810;Arauca;Saravena;81736000
810;Arauca;Tame;81794000
850;Casanare;Casanare;85000000
850;Casanare;Yopal;85001000
850;Casanare;Aguazul;85010000
850;Casanare;Chámeza;85015000
850;Casanare;Hato Corozal;85125000
850;Casanare;La Salina;85136000
850;Casanare;Maní;85139000
850;Casanare;Monterrey;85162000
850;Casanare;Nunchía;85225000
850;Casanare;Orocué;85230000
850;Casanare;Paz de Ariporo;85250000
850;Casanare;Pore;85263000
850;Casanare;Recetor;85279000
850;Casanare;Sabanalarga;85300000
850;Casanare;Sácama;85315000
850;Casanare;San Luis de Palenque;85325000
850;Casanare;Támara;85400000
850;Casanare;Tauramena;85410000
850;Casanare;Trinidad;85430000
850;Casanare;Villanueva;85440000
860;Putumayo;Putumayo;86000000
860;Putumayo;Mocoa;86001000
860;Putumayo;Colón;86219000
860;Putumayo;Orito;86320000
860;Putumayo;Puerto Asís;86568000
860;Putumayo;Puerto Caicedo;86569000
860;Putumayo;Puerto Guzmán;86571000
860;Putumayo;Puerto Leguízamo;86573000
860;Putumayo;Sibundoy;86749000
860;Putumayo;San Francisco;86755000
860;Putumayo;San Miguel;86757000
860;Putumayo;Santiago;86760000
860;Putumayo;Valle del Guamuez;86865000
860;Putumayo;Villagarzón;86885000
880;San Andrés y Providencia;San Andrés y Providencia;88000000
880;San Andrés y Providencia;Providencia;88564000
910;Amazonas;Amazonas;91000000
910;Amazonas;Leticia;91001000
910;Amazonas;Puerto Nariño;91540000
940;Guainía;Guainía;94000000
940;Guainía;Inírida;94001000
940;Guainía;Barrancominas;94343000
950;Guaviare;Guaviare;95000000
950;Guaviare;San José del Guaviare;95001000
950;Guaviare;Calamar;95015000
950;Guaviare;El Retorno;95025000
950;Guaviare;Miraflores;95200000
970;Vaupés;Vaupés;97000000
970;Vaupés;Mitú;97001000
970;Vaupés;Carurú;97161000
970;Vaupés;Taraira;97666000
990;Vichada;Vichada;99000000
990;Vichada;Puerto Carreño;99001000
990;Vichada;La Primavera;99524000
990;Vichada;Santa Rosalía;99624000
990;Vichada;Cumaribo;99773000
